sno,subject,vol,lesson,qno,question,question_image,option_1,option_1_image,option_2,option_2_image,option_3,option_3_image,option_4,option_4_image,answer,answer_image
1,chemistry,Vol2,1,1,Bauxite has the composition,,Al2O3,,Al2O3.nH2O,,Fe2O3.2H2O,,None of these,,Al2O3.nH2O,
2,chemistry,Vol2,1,2,"Roasting of sulphide ore gives the gas (A). (A) is a colourless gas. Aqueous solution of (A) is acidic. The gas (A) is",,CO2,,SO3,,SO2,,H2S,,SO2,
3,chemistry,Vol2,1,3,Which one of the following reaction represents calcinations?,,2Zn + O2 → 2ZnO,,2ZnS + 3O2 → ZnO + 2SO2,,MgCO3 → MgO + CO2,,"Both (a) and (c)",,MgCO3 → MgO + CO2,
4,chemistry,Vol2,1,4,The metal oxide which cannot be reduced to metal by carbon is,,PbO,,Al2O3,,ZnO,,FeO,,Al2O3,
5,chemistry,Vol2,1,5,Which of the metal is extracted by Hall-Heroult process?,,Al,,Ni,,Cu,,Zn,,Al,
6,chemistry,Vol2,1,6,"Which of the following statements about the advantage of roasting of sulphide ore before reduction is not true?",,ΔGf° of sulphide is greater than those for CS2 and HS2,,ΔGr° is negative for roasting of sulphide ore to oxide,,Roasting of the sulphide to its oxide is thermodynamically feasible.,,Carbon and hydrogen are suitable reducing agents for metal sulphides.,,Carbon and hydrogen are suitable reducing agents for metal sulphides.,
7,chemistry,Vol2,1,7,"Match: A-Cyanide process, B-Froth floatation, C-Electrolytic reduction, D-Zone refining with (i) Ultra pure Ge, (ii) Dressing of ZnS, (iii) Extraction of Al, (iv) Extraction of Au, (v) Purification of Ni",,A-i B-ii C-iii D-iv,,A-iii B-iv C-v D-i,,A-iv B-ii C-iii D-i,,A-ii B-iii C-i D-v,,A-iv B-ii C-iii D-i,
8,chemistry,Vol2,1,8,Wolframite ore is separated from tinstone by the process of,,Smelting,,Calcination,,Roasting,,Electromagnetic separation,,Electromagnetic separation,
9,chemistry,Vol2,1,9,"Which one of the following is not feasible?",,"$Zn_{(s)} + Cu^{2+}_{(aq)} \rightarrow Cu_{(s)} + Zn^{2+}_{(aq)}$",,"$Cu_{(s)} + Zn^{2+}_{(aq)} \rightarrow Zn_{(s)} + Cu^{2+}_{(aq)}$",,"$Cu_{(s)} + 2Ag^+_{(aq)} \rightarrow 2Ag_{(s)} + Cu^{2+}_{(aq)}$",,"$Fe_{(s)} + Cu^{2+}_{(aq)} \rightarrow Cu_{(s)} + Fe^{2+}$",,"$Cu_{(s)} + Zn^{2+}_{(aq)} \rightarrow Zn_{(s)} + Cu^{2+}_{(aq)}$",
10,chemistry,Vol2,1,10,Electrochemical process is used to extract,,Iron,,Lead,,Sodium,,Silver,,Sodium,
11,chemistry,Vol2,1,11,Flux is a substance which is used to convert,,Mineral into silicate,,Infusible impurities to soluble impurities,,Soluble impurities to infusible impurities,,All of these,,Infusible impurities to soluble impurities,
12,chemistry,Vol2,1,12,Which one of the following ores is best concentrated by froth-floatation method?,,Magnetite,,Haematite,,Cassiterite,,Galena,,Galena,
13,chemistry,Vol2,1,13,In the extraction of aluminium from alumina by electrolysis cryolite is added to,,Lower the melting point of alumina,,Remove impurities from alumina,,Decrease the electrical conductivity,,Increase the rate of reduction,,Lower the melting point of alumina,
14,chemistry,Vol2,1,14,Zinc is obtained from ZnO by,,Carbon reduction,,Reduction using silver,,Electrochemical process,,Acid leaching,,Carbon reduction,
15,chemistry,Vol2,1,15,Extraction of gold and silver involves leaching with cyanide ion. Silver is later recovered by,,Distillation,,Zone refining,,Displacement with zinc,,Liquation,,Displacement with zinc,
16,chemistry,Vol2,1,16,Considering Ellingham diagram which of the following metals can be used to reduce alumina?,,Fe,,Cu,,Mg,,Zn,,Mg,
17,chemistry,Vol2,1,17,"The following set of reactions are used in refining Zirconium: Zr(impure) + 2I2 → ZrI4; ZrI4 → Zr(pure) + 2I2. This method is known as",,Liquation,,Van Arkel process,,Zone refining,,Mond's process,,Van Arkel process,
18,chemistry,Vol2,1,18,Which of the following is used for concentrating ore in metallurgy?,,Leaching,,Roasting,,Froth floatation,,Both (a) and (c),,Both (a) and (c),
19,chemistry,Vol2,1,19,The incorrect statement among the following is,,Nickel is refined by Mond's process,,Titanium is refined by Van Arkel's process,,Zinc blende is concentrated by froth floatation,,In the metallurgy of gold the metal is leached with dilute sodium chloride solution,,In the metallurgy of gold the metal is leached with dilute sodium chloride solution,
20,chemistry,Vol2,1,20,In the electrolytic refining of copper which one of the following is used as anode?,,Pure copper,,Impure copper,,Carbon rod,,Platinum electrode,,Impure copper,
21,chemistry,Vol2,1,21,Which of the following plot gives Ellingham diagram,,$\Delta S$ vs T,,$\Delta G^0$ vs T,,"$\Delta G^0$ vs $\frac{1}{T}$",,$\Delta G^0$ vs T²,,$\Delta G^0$ vs T,
22,chemistry,Vol2,1,22,"In the Ellingham diagram, for the formation of carbon monoxide","","$\frac{\Delta S^0}{\Delta T}$ is negative","","$\frac{\Delta G^0}{\Delta T}$ is positive","","$\frac{\Delta G^0}{\Delta T}$ is negative","","Initially $\frac{\Delta T}{\Delta G^0}$ is positive after 700°C $\frac{\Delta G^0}{\Delta T}$ is negative","","$\frac{\Delta G^0}{\Delta T}$ is negative",
23,chemistry,Vol2,1,23,Which of the following reduction is not thermodynamically feasible?,,$Cr_2O_3 + 2Al \rightarrow Al_2O_3 + 2Cr$,,$Al_2O_3 + 2Cr \rightarrow Cr_2O_3 + 2Al$,,$3TiO_2 + 4Al \rightarrow 2Al_2O_3 + 3Ti$,,None of these,,$Al_2O_3 + 2Cr \rightarrow Cr_2O_3 + 2Al$,
24,chemistry,Vol2,1,24,Which of the following is not true with respect to Ellingham diagram?,,Free energy changes follow a straight line. Deviation occurs when there is a phase change.,,The graph for the formation of CO2 is a straight line almost parallel to free energy axis.,,Negative slope of CO shows that it becomes more stable with increase in temperature.,,Positive slope of metal oxides shows that their stabilities decrease with increase in temperature.,,Positive slope of metal oxides shows that their stabilities decrease with increase in temperature.,
25,chemistry,Vol2,2,1,An aqueous solution of borax is,,Neutral,,Acidic,,Basic,,Amphoteric,,Basic,
26,chemistry,Vol2,2,2,Boric acid is an acid because its molecule,,Contains replaceable H+ ion,,Gives up a proton,,Combines with proton to form water molecule,,Accepts OH- from water releasing proton.,,Accepts OH- from water releasing proton.,
27,chemistry,Vol2,2,3,Which among the following is not a borane?,,B2H6,,B3H6,,B4H10,,None of these,,B3H6,
28,chemistry,Vol2,2,4,Which of the following metals has the largest abundance in the earth's crust?,,Aluminium,,Calcium,,Magnesium,,Sodium,,Aluminium,
29,chemistry,Vol2,2,5,In diborane the number of electrons that accounts for banana bonds is,,Six,,Two,,Four,,Three,,Four,
30,chemistry,Vol2,2,6,The element that does not show catenation among the following p-block elements is,,Carbon,,Silicon,,Lead,,Germanium,,Lead,
31,chemistry,Vol2,2,7,Carbon atoms in fullerene with formula C60 have,,$sp^3$ hybridised,,$sp$ hybridised,,$sp^2$ hybridised,,Partially $sp^2$ and partially $sp^3$ hybridised,,$sp^2$ hybridised,
32,chemistry,Vol2,2,8,Oxidation state of carbon in its hydrides,,+4,,-4,,+3,,+2,,-4,
33,chemistry,Vol2,2,9,The basic structural unit of silicates is,,$SiO_3^{2-}$,,$SiO_4^{2-}$,,"$SiO^-$",,"$(SiO_4)^{4-}$",,"$(SiO_4)^{4-}$",
34,chemistry,Vol2,2,10,The repeating unit in silicone is,,SiO2,,,-Si(R2)-O-,,,R-O-Si(R)-O,,,–Si(R2)–O–O–R,,,,-Si(R2)-O-,
35,chemistry,Vol2,2,11,Which of these is not a monomer for a high molecular mass silicone polymer?,,$Me_3SiCl$,,$PhSiCl_3$,,$MeSiCl_3$,,$Me_2SiCl_2$,,$Me_3SiCl$,
36,chemistry,Vol2,2,12,Which of the following is not sp2 hybridised?,,Graphite,,Graphene,,Fullerene,,Dry ice,,Dry ice,
37,chemistry,Vol2,2,13,The geometry at which carbon atom in diamond are bonded to each other is,,Tetrahedral,,Hexagonal,,Octahedral,,None of these,,Tetrahedral,
38,chemistry,Vol2,2,14,Which of the following statements is not correct?,,Beryl is a cyclic silicate,,$Mg_2SiO_4$ is an orthosilicate,,"$SiO_4^{4-}$ is the basic structural unit of silicates",,Feldspar is not aluminosilicate,,Feldspar is not aluminosilicate,
39,chemistry,Vol2,2,15,"Match: A-Borazole, B-Boric acid, C-Quartz, D-Borax with 1-B(OH)3, 2-B3N3H6, 3-Na2[B4O5(OH)4]8H2O, 4-SiO2","","A-2 B-1 C-4 D-3","","A-1 B-2 C-4 D-3","","A-1 B-2 C-4 D-3","","None of these","","A-1 B-2 C-4 D-3",
40,chemistry,Vol2,2,16,Duralumin is an alloy of,,Cu and Mn,,Cu Al and Mg,,Al and Mn,,Al Cu Mn and Mg,,Al Cu Mn and Mg,
41,chemistry,Vol2,2,17,The compound that is used in nuclear reactors as protective shields and control rods is,,Metal borides,,Metal oxides,,Metal carbonates,,Metal carbide,,Metal borides,
42,chemistry,Vol2,2,18,The stability of +1 oxidation state increases in the sequence,,Al < Ga < In < Tl,,Tl < In < Ga < Al,,In < Tl < Ga < Al,,Ga < In < Al < Tl,,Al < Ga < In < Tl,
43,chemistry,Vol2,3,1,"In which of the following, NH3 is not used?",,Nessler's reagent,,Reagent for the analysis of IV group basic radical,,Reagent for the analysis of III group basic radical,,Tollen's reagent,,Tollen's reagent,
44,chemistry,Vol2,3,2,Which is true regarding nitrogen?,,Least electronegative element,,Has low ionisation enthalpy than oxygen,,d-orbitals available,,Ability to form $p\pi - p\pi$ bonds with itself,,Ability to form $p\pi - p\pi$ bonds with itself,
45,chemistry,Vol2,3,3,"An element belongs to group 15 and 3rd period of the periodic table, its electronic configuration would be",,$1s^2 2s^2 2p^4$,,$1s^2 2s^2 2p^5$,,$1s^2 2s^2 2p^6 3s^2 3p^2$,,$1s^2 2s^2 2p^6 3s^2 3p^3$,,$1s^2 2s^2 2p^6 3s^2 3p^3$,
46,chemistry,Vol2,3,4,"Solid (A) reacts with strong aqueous NaOH liberating a foul smelling gas (B) which spontaneously burn in air giving smoky rings. A and B are respectively",,P4(red) and PH3,,P4(white) and PH3,,S8 and H2S,,P4(white) and H2S,,P4(white) and PH3,
47,chemistry,Vol2,3,5,"On hydrolysis, PCl5 gives",,$H_3PO_5$,,$PH_3$,,$H_3PO_4$,,$POCl_3$,,$H_3PO_4$,
48,chemistry,Vol2,3,6,"P4O6 reacts with cold water to give",,$H_3PO_5$,,$H_4P_2O_7$,,$HPO_4$,,$H_3PO_4$,,$H_3PO_3$,
49,chemistry,Vol2,3,7,"The basicity of pyrophosphorous acid (H4P2O5) is",,4,,2,,3,,5,,2,
50,chemistry,Vol2,3,8,"The molarity of given orthophosphoric acid solution is 2M. Its normality is",,6N,,4N,,2N,,None of these,,6N,
51,chemistry,Vol2,3,9,"Assertion: bond dissociation energy of fluorine is greater than chlorine gas. Reason: chlorine has more electronic repulsion than fluorine.",,Both assertion and reason are true and reason is the correct explanation of assertion.,,Both assertion and reason are true but reason is not the correct explanation of assertion.,,Assertion is true but reason is false.,,Both assertion and reason are false.,,Both assertion and reason are false.,
52,chemistry,Vol2,3,10,Among the following which is the strongest oxidizing agent?,,$Cl_2$,,$F_2$,,$Br_2$,,$I_2$,,$F_2$,
53,chemistry,Vol2,3,11,The correct order of the thermal stability of hydrogen halide is,,HI > HBr > HCl > HF,,HF > HCl > HBr > HI,,HCl > HF > HBr > HI,,HI > HCl > HF > HBr,,HF > HCl > HBr > HI,
54,chemistry,Vol2,3,12,Which one of the following compounds is not formed?,,$XeOF_4$,,$XeO_3$,,$XeF_2$,,$NeF_2$,,$NeF_2$,
55,chemistry,Vol2,3,13,Most easily liquefiable gas is,,Ar,,Ne,,He,,Kr,,Kr,
56,chemistry,Vol2,3,14,"XeF6 on complete hydrolysis produces",,$XeOF_4$,,$XeO_2F_2$,,$XeO_3$,,$XeO_2$,,$XeO_3$,
57,chemistry,Vol2,3,15,Which of the following is strongest acid among all?,,HI,,HF,,HBr,,HCl,,HI,
58,chemistry,Vol2,3,16,"Which one of the following orders is correct for the bond dissociation enthalpy of halogen molecules? (NEET)",,$Br_2 > I_2 > F_2 > Cl_2$,,$F_2 > Cl_2 > Br_2 > I_2$,,$I_2 > Br_2 > Cl_2 > F_2$,,$Cl_2 > Br_2 > F_2 > I_2$,,$Cl_2 > Br_2 > F_2 > I_2$,
59,chemistry,Vol2,3,17,"Among the following the correct order of acidity is (NEET)",,$HClO_2 < HClO < HClO_3 < HClO_4$,,$HClO_4 < HClO_3 < HClO < HClO_2$,,$HClO_3 < HClO_4 < HClO_2 < HClO$,,$HClO < HClO_2 < HClO_3 < HClO_4$,,$HClO < HClO_2 < HClO_3 < HClO_4$,
60,chemistry,Vol2,3,18,"When copper is heated with conc HNO3 it produces",,"$Cu(NO_3)_2$, NO and $NO_2$",,"$Cu(NO_3)_2$ and $N_2O$",,"$Cu(NO_3)_2$ and $NO_2$",,"$Cu(NO_3)_2$ and NO",,"$Cu(NO_3)_2$ and $NO_2$",
61,chemistry,Vol2,4,1,Sc(Z=21) is a transition element but Zinc (Z=30) is not because,,Both Sc3+ and Zn2+ ions are colourless and form white compounds.,,In case of Sc 3d orbital are partially filled but in Zn these are completely filled,,Last electron is assumed to be added to 4s level in case of zinc,,Both Sc and Zn do not exhibit variable oxidation states,,In case of Sc 3d orbital are partially filled but in Zn these are completely filled,
62,chemistry,Vol2,4,2,Which of the following d block element has half filled penultimate d sub shell as well as half filled valence sub shell?,,Cr,,Pd,,Pt,,None of these,,None of these,
63,chemistry,Vol2,4,3,"Among the transition metals of 3d series, the one that has highest negative (M2+/M) standard electrode potential is",,Ti,,Cu,,Mn,,Zn,,Ti,
64,chemistry,Vol2,4,4,"Which one of the following ions has the same number of unpaired electrons as present in V3+?",,Ti3+,,Fe3+,,Ni2+,,Cr3+,,Cr3+,
65,chemistry,Vol2,4,5,"The magnetic moment of Mn2+ ion is",,5.92 BM,,2.80 BM,,8.95 BM,,3.90 BM,,5.92 BM,
66,chemistry,Vol2,4,6,The catalytic behaviour of transition metals and their compounds is ascribed mainly due to,,Their magnetic behaviour,,Their unfilled d orbitals,,Their ability to adopt variable oxidation states,,Their chemical reactivity,,Their ability to adopt variable oxidation states,
67,chemistry,Vol2,4,7,"The correct order of increasing oxidizing power in the series",,"$VO_2^+ < Cr_2O_7^{2-} < MnO_4^-$",,"$Cr_2O_7^{2-} < VO_2^+ < MnO_4^-$",,"$Cr_2O_7^{2-} < MnO_4^- < VO_2^+$",,"$MnO_4^- < Cr_2O_7^{2-} < VO_2^+$",,"$VO_2^+ < Cr_2O_7^{2-} < MnO_4^-$",
68,chemistry,Vol2,4,8,"In acid medium, potassium permanganate oxidizes oxalic acid to",,Oxalate,,Carbon dioxide,,Acetate,,Acetic acid,,Carbon dioxide,
69,chemistry,Vol2,4,9,Which of the following statements is not true?,,"On passing H2S through acidified K2Cr2O7 solution, a milky colour is observed.",,Na2Cr2O7 is preferred over K2Cr2O7 in volumetric analysis,,K2Cr2O7 solution in acidic medium is orange in colour,,K2Cr2O7 solution becomes yellow on increasing the pH beyond 7,,K2Cr2O7 solution in acidic medium is orange in colour,
70,chemistry,Vol2,4,10,Permanganate ion changes to ________ in acidic medium,,$MnO_4^{2-}$,,$Mn^{2+}$,,$Mn^{3+}$,,$MnO_2$,,$Mn^{2+}$,
71,chemistry,Vol2,4,11,How many moles of I2 are liberated when 1 mole of potassium dichromate react with potassium iodide?,,1,,2,,3,,4,,3,
72,chemistry,Vol2,4,12,"The number of moles of acidified KMnO4 required to oxidize 1 mole of ferrous oxalate (FeC2O4) is",,5,,3,,0.6,,1.5,,0.6,
73,chemistry,Vol2,4,13,Which one of the following statements related to lanthanons is incorrect?,,Europium shows +2 oxidation state.,,The basicity decreases as the ionic radius decreases from Pr to Lu.,,All the lanthanons are much more reactive than aluminium.,,Ce4+ solutions are widely used as oxidising agents in volumetric analysis.,,All the lanthanons are much more reactive than aluminium.,
74,chemistry,Vol2,4,14,Which of the following lanthanoid ion is diamagnetic?,,$Eu^{2+}$,,$Yb^{2+}$,,$Ce^{2+}$,,$Sm^{2+}$,,$Yb^{2+}$,
75,chemistry,Vol2,4,15,Which of the following oxidation state is most common among the lanthanoids?,,+4,,+2,,+5,,+3,,+3,
76,chemistry,Vol2,4,16,"Assertion: Ce4+ is used as an oxidizing agent in volumetric analysis. Reason: Ce4+ has the tendency of attaining +3 oxidation state.",,Both assertion and reason are true and reason is the correct explanation of assertion.,,Both assertion and reason are true but reason is not the correct explanation of assertion.,,Assertion is true but reason is false.,,Both assertion and reason are false.,,Both assertion and reason are true and reason is the correct explanation of assertion.,
77,chemistry,Vol2,4,17,The most common oxidation state of actinoids is,,+2,,+3,,+4,,+6,,+3,
78,chemistry,Vol2,4,18,The actinoid elements which show the highest oxidation state of +7 are,,"Np, Pu, Am",,"U, Fm, Th",,"U, Th, Md",,"Es, No, Lr",,"Np, Pu, Am",
79,chemistry,Vol2,4,19,Which one of the following is not correct?,,"La(OH)3 is less basic than Lu(OH)3",,In lanthanoid series ionic radius of Ln3+ ions decreases,,La is actually an element of transition metal series rather than lanthanoid series,,Atomic radii of Zr and Hf are same because of lanthanoid contraction,,La(OH)3 is less basic than Lu(OH)3,
80,chemistry,Vol2,5,1,"The sum of primary valence and secondary valence of the metal M in the complex [M(en)2(Ox)]Cl is",,3,,6,,-3,,9,,9,
81,chemistry,Vol2,5,2,"An excess of silver nitrate is added to 100ml of a 0.01M solution of pentaaquachloridochromium(III)chloride. The number of moles of AgCl precipitated would be",,0.02,,0.002,,0.01,,0.2,,0.002,
82,chemistry,Vol2,5,3,"A complex has a molecular formula MSO4Cl.6H2O. The aqueous solution gives white precipitate with Barium chloride solution and no precipitate with silver nitrate solution. If the secondary valence is six, which one correctly represents the complex?",,"[M(H2O)4Cl]SO4.2H2O",,"[M(H2O)6]SO4",,"[M(H2O)5Cl]SO4.H2O",,"[M(H2O)3Cl]SO4.3H2O",,"[M(H2O)5Cl]SO4.H2O",
83,chemistry,Vol2,5,4,"Oxidation state of Iron and the charge on the ligand NO in [Fe(H2O)5NO]SO4 are",,+2 and 0 respectively,,+3 and 0 respectively,,+3 and -1 respectively,,+1 and +1 respectively,,+3 and -1 respectively,
84,chemistry,Vol2,5,5,"As per IUPAC guidelines, the name of the complex [Co(en)2(ONO)Cl]Cl is",,Chlorobisethylenediaminenitritocobalt(III) chloride,,Chloridobis(ethane-1-2-diamine)nitro K-Ocobaltate(III)chloride,,Chloridobis(ethane-1-2-diammine)nitrito K-Ocobalt(II) chloride,,Chloridobis(ethane-1-2-diammine)nitrito K-Ocobalt(III)chloride,,Chloridobis(ethane-1-2-diammine)nitrito K-Ocobalt(III)chloride,
85,chemistry,Vol2,5,6,"IUPAC name of the complex K3[Al(C2O4)3] is",,Potassiumtrioxalatoaluminium(III),,Potassiumtrioxalatoaluminate(II),,Potassiumtrisoxalatoaluminate(III),,Potassiumtrioxalatoaluminate(III),,Potassiumtrisoxalatoaluminate(III),
86,chemistry,Vol2,5,7,A magnetic moment of 1.73BM will be shown by one among the following (NEET),,$TiCl_4$,,"$[CoCl_6]^{4-}$",,"$[Cu(NH_3)_4]^{2+}$",,"$[Ni(CN)_4]^{2-}$",,"$[Cu(NH_3)_4]^{2+}$",
87,chemistry,Vol2,5,8,Crystal field stabilization energy for high spin d5 octahedral complex is,,$-0.6\Delta_0$,,0,,$2(P - \Delta_0)$,,$2(P + \Delta_0)$,,0,
88,chemistry,Vol2,5,9,"In which of the following coordination entities the magnitude of Δ0 will be maximum?",,"$[Co(CN)_6]^{3-}$",,"$[Co(C_2O_4)_3]^{3-}$",,"$[Co(H_2O)_6]^{3+}$",,"$[Co(NH_3)_6]^{3+}$",,"$[Co(CN)_6]^{3-}$",
89,chemistry,Vol2,5,10,Which one of the following will give a pair of enantiomorphs?,,"$[Cr(NH_3)_6][Co(CN)_6]$",,"$[Co(en)_2Cl_2]Cl$",,"$[Pt(NH_3)_4][PtCl_4]$",,"$[Co(NH_3)_4Cl_2]NO_2$",,"$[Co(en)_2Cl_2]Cl$",
90,chemistry,Vol2,5,11,"Which type of isomerism is exhibited by [Pt(NH3)2Cl2]?",,Coordination isomerism,,Linkage isomerism,,Optical isomerism,,Geometrical isomerism,,Geometrical isomerism,
91,chemistry,Vol2,5,12,"How many geometrical isomers are possible for [Pt(Py)(NH3)(Br)(Cl)]?",,3,,4,,0,,15,,3,
92,chemistry,Vol2,5,13,Which one of the following pairs represents linkage isomers?,,"[Cu(NH3)4][PtCl4] and [Pt(NH3)4][CuCl4]",,"[Co(NH3)5(NO3)]SO4 and [Co(NH3)5(ONO)]",,"[Co(NH3)4(NCS)2]Cl and [Co(NH3)4(SCN)2]Cl",,Both (b) and (c),,Both (b) and (c),
93,chemistry,Vol2,5,14,"Which kind of isomerism is possible for a complex [Co(NH3)4Br2]Cl?",,Geometrical and ionization,,Geometrical and optical,,Optical and ionization,,Geometrical only,,Geometrical and ionization,
94,chemistry,Vol2,5,15,Which one of the following complexes is not expected to exhibit isomerism?,,"$[Ni(NH_3)_4(H_2O)_2]^{2+}$",,"$[Pt(NH_3)_2Cl_2]$",,"$[Co(NH_3)_5SO_4]Cl$",,"$[FeCl_6]^{3-}$",,"$[FeCl_6]^{3-}$",
95,chemistry,Vol2,5,16,A complex in which the oxidation number of the metal is zero is,,"$K_4[Fe(CN)_6]$",,"$[Fe(CN)_3(NH_3)_3]$",,"$[Fe(CO)_5]$",,Both (b) and (c),,"$[Fe(CO)_5]$",
96,chemistry,Vol2,5,17,Formula of tris(ethane-1-2-diamine)iron(II)phosphate,,"$[Fe(CH_3-CH(NH_2)_2)_3](PO_4)_3$",,"$[Fe(H_2N-CH_2-CH_2-NH_2)_3](PO_4)$",,"$[Fe(H_2N-CH_2-CH_2-NH_2)_3](PO_4)_2$",,"$[Fe(H_2N-CH_2-CH_2-NH_2)_3]_3(PO_4)_2$",,"$[Fe(H_2N-CH_2-CH_2-NH_2)_3](PO_4)_2$",
97,chemistry,Vol2,5,18,Which of the following is paramagnetic in nature?,,"$[Zn(NH_3)_4]^{2+}$",,"$[Co(NH_3)_6]^{3+}$",,"$[Ni(H_2O)_6]^{2+}$",,"$[Ni(CN)_4]^{2-}$",,"$[Ni(H_2O)_6]^{2+}$",
98,chemistry,Vol2,5,19,Fac-mer isomerism is shown by,,"$[Co(en)_3]^{3+}$",,"$[Co(NH_3)_4(Cl)_2]^-$",,"$[Co(NH_3)_3(Cl)_3]$",,"$[Co(NH_3)_5Cl]SO_4$",,"$[Co(NH_3)_3(Cl)_3]$",
99,chemistry,Vol2,5,20,Choose the correct statement.,,Square planar complexes are more stable than octahedral complexes,,"The spin only magnetic moment of $[Cu(Cl)_4]^{2-}$ is 1.732 BM and it has square planar structure.",,"Crystal field splitting energy $(\Delta_0)$ of $[FeF_6]^{4-}$ is higher than the $(\Delta_0)$ of $[Fe(CN)_6]^{4-}$",,"Crystal field stabilization energy of $[V(H_2O)_6]^{2+}$ is higher than the crystal field stabilization of $[Ti(H_2O)_6]^{2+}$",,"Crystal field stabilization energy of $[V(H_2O)_6]^{2+}$ is higher than the crystal field stabilization of $[Ti(H_2O)_6]^{2+}$",
100,chemistry,Vol2,6,1,Graphite and diamond are,,Covalent and molecular crystals,,Ionic and covalent crystals,,Both covalent crystals,,Both molecular crystals,,Both covalent crystals,
101,chemistry,Vol2,6,2,"An ionic compound AxBy crystallizes in fcc type crystal structure with B ions at the centre of each face and A ion occupying corners of the cube. The correct formula of AxBy is",,AB,,$AB_3$,,$A_3B$,,$A_8B_6$,,$AB_3$,
102,chemistry,Vol2,6,3,The ratio of close packed atoms to tetrahedral hole in cubic packing is,,1:1,,1:2,,2:1,,1:4,,1:2,
103,chemistry,Vol2,6,4,"Solid CO2 is an example of",,Covalent solid,,Metallic solid,,Molecular solid,,Ionic solid,,Molecular solid,
104,chemistry,Vol2,6,5,"Assertion: monoclinic sulphur is an example of monoclinic crystal system. Reason: for a monoclinic system, a≠b≠c and α=γ=90°, β≠90°",,Both assertion and reason are true and reason is the correct explanation of assertion.,,Both assertion and reason are true but reason is not the correct explanation of assertion.,,Assertion is true but reason is false.,,Both assertion and reason are false.,,Both assertion and reason are true and reason is the correct explanation of assertion.,
105,chemistry,Vol2,6,6,"In calcium fluoride, having the flurite structure the coordination number of Ca2+ ion and F- ion are (NEET)",,4 and 2,,6 and 6,,8 and 4,,4 and 8,,8 and 4,
106,chemistry,Vol2,6,7,"The number of unit cells in 8 gm of an element X (atomic mass 40) which crystallizes in bcc pattern is (NA is the Avogadro number)",,"$6.023 \times 10^{23}$",,"$6.023 \times 10^{22}$",,"$60.23 \times 10^{23}$",,"$\frac{6.023 \times 10^{23}}{8 \times 40}$",,"$6.023 \times 10^{22}$",
107,chemistry,Vol2,6,8,"In a solid atom M occupies ccp lattice and (1/3) of tetrahedral voids are occupied by atom N. Find the formula of solid formed by M and N.",,MN,,$M_3N$,,$MN_3$,,$M_3N_2$,,$M_3N_2$,
108,chemistry,Vol2,6,9,"The ionic radii of A+ and B- are 0.98×10-10 m and 1.81×10-10 m. The coordination number of each ion in AB is",,8,,2,,6,,4,,6,
109,chemistry,Vol2,6,10,"CsCl has bcc arrangement, its unit cell edge length is 400pm, its inter atomic distance is",,"400 pm",,"800 pm",,"$\sqrt{3} \times 100$ pm",,"$\frac{\sqrt{3}}{2} \times 400$ pm",,"$\frac{\sqrt{3}}{2} \times 400$ pm",
110,chemistry,Vol2,6,11,"A solid compound XY has NaCl structure. If the radius of the cation is 100pm, the radius of the anion will be",,"$\frac{100}{0.414}$",,"$\frac{0.732}{100}$",,"$100 \times 0.414$",,"$\frac{0.414}{100}$",,"$\frac{100}{0.414}$",
111,chemistry,Vol2,6,12,The vacant space in bcc lattice unit cell is,,48%,,23%,,32%,,26%,,32%,
112,chemistry,Vol2,6,13,"The radius of an atom is 300pm, if it crystallizes in a face centered cubic lattice, the length of the edge of the unit cell is",,488.5 pm,,848.5 pm,,884.5 pm,,484.5 pm,,848.5 pm,
113,chemistry,Vol2,6,14,The fraction of total volume occupied by the atoms in a simple cubic is,,"$\frac{\pi}{4\sqrt{2}}$",,"$\frac{\pi}{6}$",,"$\frac{\pi}{4}$",,"$\frac{\pi}{3\sqrt{2}}$",,"$\frac{\pi}{6}$",
114,chemistry,Vol2,6,15,The yellow colour in NaCl crystal is due to,,Excitation of electrons in F centers,,Reflection of light from Cl- ion on the surface,,Refraction of light from Na+ ion,,All of the above,,Excitation of electrons in F centers,
115,chemistry,Vol2,6,16,"If 'a' stands for the edge length of the cubic system: sc, bcc, and fcc. Then the ratio of radii of spheres in these systems will be respectively.",,"$\frac{1}{2}a : \frac{\sqrt{3}}{2}a : \frac{\sqrt{2}}{2}a$",,"$\sqrt{1}a : \sqrt{3}a : \sqrt{2}a$",,"$\frac{1}{2}a : \frac{\sqrt{3}}{4}a : \frac{1}{2\sqrt{2}}a$",,"$\frac{1}{2}a : \sqrt{3}a : \frac{1}{\sqrt{2}}a$",,"$\frac{1}{2}a : \frac{\sqrt{3}}{4}a : \frac{1}{2\sqrt{2}}a$",
116,chemistry,Vol2,6,17,"If 'a' is the length of the side of the cube, the distance between the body centered atom and one corner atom in the cube will be",,"$\frac{2}{\sqrt{3}}a$",,"$\frac{4}{\sqrt{3}}a$",,"$\frac{\sqrt{3}}{4}a$",,"$\frac{\sqrt{3}}{2}a$",,"$\frac{\sqrt{3}}{2}a$",
117,chemistry,Vol2,6,18,"Potassium has a bcc structure with nearest neighbor distance 4.52 Å. Its atomic weight is 39. Its density will be",,"915 kg m-3",,"2142 kg m-3",,"452 kg m-3",,"390 kg m-3",,"915 kg m-3",
118,chemistry,Vol2,6,19,Schottky defect in a crystal is observed when,,Unequal number of anions and cations are missing from the lattice,,Equal number of cations and anions are missing from the lattice,,An ion leaves its normal site and occupies an interstitial site,,No ion is missing from its lattice.,,Equal number of cations and anions are missing from the lattice,
119,chemistry,Vol2,6,20,"The cation leaves its normal position in the crystal and moves to some interstitial position, the defect in the crystal is known as",,Schottky defect,,F center,,Frenkel defect,,Non-stoichiometric defect,,Frenkel defect,
120,chemistry,Vol2,6,21,"Assertion: due to Frenkel defect, density of the crystalline solid decreases. Reason: in Frenkel defect cation and anion leaves the crystal.",,Both assertion and reason are true and reason is the correct explanation of assertion.,,Both assertion and reason are true but reason is not the correct explanation of assertion.,,Assertion is true but reason is false.,,Both assertion and reason are false.,,Both assertion and reason are false.,
121,chemistry,Vol2,6,22,The crystal with a metal deficiency defect is,,NaCl,,FeO,,ZnO,,KCl,,FeO,
122,chemistry,Vol2,6,23,"A two dimensional solid pattern formed by two different atoms X and Y is shown. Black and white squares represent atoms X and Y respectively. The simplest formula for the compound based on the unit cell from the pattern is",chem_img_1,$XY_8$,,$X_4Y_9$,,$XY_2$,,$XY_4$,,$XY_4$,
123,chemistry,Vol2,7,1,"For a first order reaction A→B, the rate constant is x min-1. If the initial concentration of A is 0.01M, the concentration of A after one hour is given by the expression.",,0.01e-x,,"$1 \times 10^{-2}(1-e^{-60x})$",,"$(1 \times 10^{-2})e^{-60x}$",,None of these,,"$(1 \times 10^{-2})e^{-60x}$",
124,chemistry,Vol2,7,2,"A zero order reaction X→Product, with an initial concentration 0.02M has a half life of 10 min. If one starts with concentration 0.04M, then the half life is",,10 s,,5 min,,20 min,,Cannot be predicted using the given information,,20 min,
125,chemistry,Vol2,7,3,"Among the following graphs showing variation of rate constant with temperature (T) for a reaction, the one that exhibits Arrhenius behavior over the entire temperature range is",,Graph a,,Graph b,,Graph c,,Both (b) and (c),,Graph c,
126,chemistry,Vol2,7,4,"For a first order reaction A→product with initial concentration x mol L-1, has a half life period of 2.5 hours. For the same reaction with initial concentration (x/2) mol L-1 the half life is",,"$(2.5 \times 2)$ hours",,"$\frac{2.5}{2}$ hours",,2.5 hours,,Without knowing the rate constant t1/2 cannot be determined from the given data,,2.5 hours,
127,chemistry,Vol2,7,5,"For the reaction, 2NH3 → N2 + 3H2, if -d[NH3]/dt = k1[NH3], d[N2]/dt = k2[NH3], d[H2]/dt = k3[NH3], then the relation between k1 k2 and k3 is",,$k_1 = k_2 = k_3$,,"$k_1 = 3k_2 = 2k_3$",,"$1.5k_1 = 3k_2 = k_3$",,"$2k_1 = k_2 = 3k_3$",,"$2k_1 = k_2 = 3k_3$",
128,chemistry,Vol2,7,6,"The decomposition of phosphine (PH3) on tungsten at low pressure is a first order reaction. It is because the (NEET)",,Rate is proportional to the surface coverage,,Rate is inversely proportional to the surface coverage,,Rate is independent of the surface coverage,,Rate of decomposition is slow,,Rate is independent of the surface coverage,
129,chemistry,Vol2,7,7,"For a reaction Rate = k[acetone]3/2, then unit of rate constant and rate of reaction respectively is",,"$(mol\ L^{-1}s^{-1}), (mol^{3/2}\ L^{1/2}\ s^{-1})$",,"$(mol^{3/2}\ L^{1/2}\ s^{-1}), (mol\ L^{-1}s^{-1})$",,"$(mol^{1/2}\ L^{1/2}\ s^{-1}), (mol\ L^{-1}s^{-1})$",,"$(mol\ L\ s^{-1}), (mol^{1/2}\ L^{1/2}\ s)$",,"$(mol^{3/2}\ L^{1/2}\ s^{-1}), (mol\ L^{-1}s^{-1})$",
130,chemistry,Vol2,7,8,The addition of a catalyst during a chemical reaction alters which of the following quantities? (NEET),,Enthalpy,,Activation energy,,Entropy,,Internal energy,,Activation energy,
131,chemistry,Vol2,7,9,"Consider the following statements: (i) increase in concentration of the reactant increases the rate of a zero order reaction. (ii) rate constant k is equal to collision frequency A if Ea = 0. (iii) rate constant k is equal to collision frequency A if Ea=∞. (iv) a plot of ln(k) vs T is a straight line. (v) a plot of ln(k) vs (1/T) is a straight line with a positive slope. Correct statements are",,Only (ii),,Only (ii) and (iv),,Only (ii) and (v),,Only (i) (ii) and (v),,Only (ii) and (iv),
132,chemistry,Vol2,7,10,"In a reversible reaction, the enthalpy change and the activation energy in the forward direction are respectively -x kJ mol-1 and y kJ mol-1. Therefore, the energy of activation in the backward direction is",,"$(y-x)$ kJ mol-1",,"$(x+y)$ J mol-1",,"$(x-y)$ kJ mol-1",,"$(x+y) \times 10^3$ J mol-1",,"$(y-x)$ kJ mol-1",
133,chemistry,Vol2,7,11,"What is the activation energy for a reaction if its rate doubles when the temperature is raised from 200K to 400K? (R = 8.314 JK-1mol-1)",,"234.65 kJ mol-1",,"434.65 kJ mol-1",,"2.305 kJ mol-1",,"334.65 J mol-1",,"2.305 kJ mol-1",
134,chemistry,Vol2,7,12,"A first order reaction follows the kinetics shown (cyclopropane isomerization). The rate constant at particular temperature is 2.303×10-2 hour-1. The initial concentration of cyclopropane is 0.25M. What will be the concentration of cyclopropane after 1806 minutes? (log 2 = 0.3010)",,0.125 M,,0.215 M,,"0.25 × 2.303 M",,0.05 M,,0.125 M,
135,chemistry,Vol2,7,13,"For a first order reaction, the rate constant is 6.909 min-1. The time taken for 75% conversion in minutes is",,"$\frac{3}{2}\log 2$",,"$\frac{2}{3}\log 2$",,"$\frac{3}{2}\log\frac{3}{4}$",,"$\frac{2}{3}\log\frac{4}{3}$",,"$\frac{2}{3}\log\frac{4}{3}$",
136,chemistry,Vol2,7,14,"In a first order reaction x→y; if k is the rate constant and the initial concentration of the reactant x is 0.1M, then the half life is",,"$\frac{\log 2}{k}$",,"$\frac{0.693}{(0.1)k}$",,"$\frac{\ln 2}{k}$",,None of these,,"$\frac{\ln 2}{k}$",
137,chemistry,Vol2,7,15,"For the reaction 2A + B → C + 3D, from the given data table, predict the rate law: [A]=0.1 [B]=0.1 rate=x; [A]=0.2 [B]=0.1 rate=2x; [A]=0.1 [B]=0.2 rate=4x; [A]=0.2 [B]=0.2 rate=8x",,"rate = k[A]2[B]",,"rate = k[A][B]2",,"rate = k[A][B]",,"rate = k[A]1/2[B]3/2",,"rate = k[A][B]2",
138,chemistry,Vol2,7,16,"Assertion: rate of reaction doubles when the concentration of the reactant is doubles if it is a first order reaction. Reason: rate constant also doubles.",,Both assertion and reason are true and reason is the correct explanation of assertion.,,Both assertion and reason are true but reason is not the correct explanation of assertion.,,Assertion is true but reason is false.,,Both assertion and reason are false.,,Assertion is true but reason is false.,
139,chemistry,Vol2,7,17,"The rate constant of a reaction is 5.8×10-2 s-1. The order of the reaction is",,First order,,Zero order,,Second order,,Third order,,First order,
140,chemistry,Vol2,7,18,"For the reaction N2O5(g)→2NO2(g)+1/2 O2(g), the value of rate of disappearance of N2O5 is given as 6.5×10-2 mol L-1s-1. The rate of formation of NO2 and O2 is given respectively as",,"$(3.25 \times 10^{-2}\ mol\ L^{-1}s^{-1})$ and $(1.3 \times 10^{-2}\ mol\ L^{-1}s^{-1})$",,"$(1.3 \times 10^{-2}\ mol\ L^{-1}s^{-1})$ and $(3.25 \times 10^{-2}\ mol\ L^{-1}s^{-1})$",,"$(1.3 \times 10^{-4}\ mol\ L^{-1}s^{-1})$ and $(3.25 \times 10^{-2}\ mol\ L^{-1}s^{-1})$",,None of these,,"$(1.3 \times 10^{-1}\ mol\ L^{-1}s^{-1})$ and $(3.25 \times 10^{-2}\ mol\ L^{-1}s^{-1})$",
141,chemistry,Vol2,7,19,"During the decomposition of H2O2 to give dioxygen, 48 g O2 is formed per minute at certain point of time. The rate of formation of water at this point is",,"0.75 mol min-1",,"1.5 mol min-1",,"2.25 mol min-1",,"3.0 mol min-1",,"3.0 mol min-1",
142,chemistry,Vol2,7,20,"If the initial concentration of the reactant is doubled, the time for half reaction is also doubled. Then the order of the reaction is",,Zero,,One,,Fraction,,None,,Zero,
143,chemistry,Vol2,7,21,"In a homogeneous reaction A→B+C+D, the initial pressure was P0 and after time t it was P. Expression for rate constant in terms of P0, P and t will be",,"$k = \left(\frac{2.303}{t}\right)\log\left(\frac{2P_0}{3P_0-P}\right)$",,"$k = \left(\frac{2.303}{t}\right)\log\left(\frac{2P_0}{P_0-P}\right)$",,"$k = \left(\frac{2.303}{t}\right)\log\left(\frac{3P_0-P}{2P_0}\right)$",,"$k = \left(\frac{2.303}{t}\right)\log\left(\frac{2P_0}{3P_0-2P}\right)$",,"$k = \left(\frac{2.303}{t}\right)\log\left(\frac{2P_0}{3P_0-P}\right)$",
144,chemistry,Vol2,7,22,"If 75% of a first order reaction was completed in 60 minutes, 50% of the same reaction under the same conditions would be completed in",,20 minutes,,30 minutes,,35 minutes,,75 minutes,,30 minutes,
145,chemistry,Vol2,7,23,"The half life period of a radioactive element is 140 days. After 560 days, 1 g of element will be reduced to",,"$\frac{1}{2}$ g",,"$\frac{1}{4}$ g",,"$\frac{1}{8}$ g",,"$\frac{1}{16}$ g",,"$\frac{1}{16}$ g",
146,chemistry,Vol2,7,24,"The correct difference between first and second order reactions is that (NEET)",,A first order reaction can be catalysed; a second order reaction cannot be catalysed.,,The half life of a first order reaction does not depend on [A0]; the half life of a second order reaction does depend on [A0].,,The rate of a first order reaction does not depend on reactant concentrations; the rate of a second order reaction does depend on reactant concentrations.,,The rate of a first order reaction does depend on reactant concentrations; the rate of a second order reaction does not depend on reactant concentrations.,,The half life of a first order reaction does not depend on [A0]; the half life of a second order reaction does depend on [A0].,
147,chemistry,Vol2,7,25,"After 2 hours, a radioactive substance becomes (1/16)th of original amount. Then the half life (in min) is",,60 minutes,,120 minutes,,30 minutes,,15 minutes,,30 minutes,
148,chemistry,Vol2,8,1,"Concentration of the Ag+ ions in a saturated solution of Ag2C2O4 is 2.24×10-4 mol L-1. Solubility product of Ag2C2O4 is (NEET-2017)",,"$2.42 \times 10^{-8}\ mol^3L^{-3}$",,"$2.66 \times 10^{-12}\ mol^3L^{-3}$",,"$4.5 \times 10^{-11}\ mol^3L^{-3}$",,"$5.619 \times 10^{-12}\ mol^3L^{-3}$",,"$2.66 \times 10^{-12}\ mol^3L^{-3}$",
149,chemistry,Vol2,8,2,"Following solutions were prepared by mixing different volumes of NaOH and HCl of different concentrations. pH of which one of them will be equal to 1? (NEET-2018)","","i. 60mL (M/10)HCl + 40mL (M/10)NaOH","","ii. 55mL (M/10)HCl + 45mL (M/10)NaOH","","iii. 75mL (M/5)HCl + 25mL (M/5)NaOH","","iv. 100mL (M/10)HCl + 100mL (M/10)NaOH",,iii,
150,chemistry,Vol2,8,3,"The solubility of BaSO4 in water is 2.42×10-3 gL-1 at 298K. The value of its solubility product (Ksp) will be (NEET-2018). (Given molar mass of BaSO4 = 233g mol-1)",,"$1.08 \times 10^{-14}\ mol^2L^{-2}$",,"$1.08 \times 10^{-12}\ mol^2L^{-2}$",,"$1.08 \times 10^{-10}\ mol^2L^{-2}$",,"$1.08 \times 10^{-4}\ mol^2L^{-2}$",,"$1.08 \times 10^{-10}\ mol^2L^{-2}$",
151,chemistry,Vol2,8,4,"pH of a saturated solution of Ca(OH)2 is 9. The Solubility product (Ksp) of Ca(OH)2 is",,"$0.5 \times 10^{-15}$",,"$0.25 \times 10^{-10}$",,"$0.125 \times 10^{-15}$",,"$0.5 \times 10^{-10}$",,"$0.5 \times 10^{-10}$",
152,chemistry,Vol2,8,5,"Conjugate base for Bronsted acids H2O and HF are","","OH- and H2FH+, respectively","","H3O+ and F-, respectively","","OH- and F-, respectively","","H3O+ and H2F+, respectively","","OH- and F-, respectively",
153,chemistry,Vol2,8,6,Which will make basic buffer?,,50 mL of 0.1M NaOH + 25mL of 0.1M CH3COOH,,100 mL of 0.1M CH3COOH + 100mL of 0.1M NH4OH,,100 mL of 0.1M HCl + 200mL of 0.1M NH4OH,,100 mL of 0.1M HCl + 100mL of 0.1M NaOH,,100 mL of 0.1M HCl + 200mL of 0.1M NH4OH,
154,chemistry,Vol2,8,7,Which of the following fluoro compounds is most likely to behave as a Lewis base? (NEET-2016),,$BF_3$,,$PF_3$,,$CF_4$,,$SiF_4$,,$PF_3$,
155,chemistry,Vol2,8,8,Which of these is not likely to act as Lewis base?,,$BF_3$,,$PF_3$,,CO,,$F^-$,,$BF_3$,
156,chemistry,Vol2,8,9,The aqueous solutions of sodium formate anilinium chloride and potassium cyanide are respectively,,Acidic acidic basic,,Basic acidic basic,,Basic neutral basic,,None of these,,Basic acidic basic,
157,chemistry,Vol2,8,10,"The percentage of pyridine (C5H5N) that forms pyridinium ion (C5H5NH) in a 0.10M aqueous pyridine solution (Kb for C5H5N = 1.7×10-9) is",,0.006%,,0.013%,,0.77%,,1.6%,,0.013%,
158,chemistry,Vol2,8,11,"Equal volumes of three acid solutions of pH 1, 2 and 3 are mixed in a vessel. What will be the H+ ion concentration in the mixture?",,"$3.7 \times 10^{-2}$",,"$10^{-6}$",,0.111,,None of these,,"$3.7 \times 10^{-2}$",
159,chemistry,Vol2,8,12,"The solubility of AgCl(s) with solubility product 1.6×10-10 in 0.1M NaCl solution would be",,"$1.26 \times 10^{-5}$ M",,"$1.6 \times 10^{-9}$ M",,"$1.6 \times 10^{-11}$ M",,Zero,,"$1.6 \times 10^{-9}$ M",
160,chemistry,Vol2,8,13,"If the solubility product of lead iodide is 3.2×10-8, its solubility will be",,"$2 \times 10^{-3}$ M",,"$4 \times 10^{-4}$ M",,"$1.6 \times 10^{-5}$ M",,"$1.8 \times 10^{-5}$ M",,"$2 \times 10^{-3}$ M",
161,chemistry,Vol2,8,14,"MY and NY3 are insoluble salts and have the same Ksp values of 6.2×10-13 at room temperature. Which statement would be true with regard to MY and NY3?","","The salts MY and NY3 are more soluble in 0.5M KY than in pure water","","The addition of the salt of KY to the suspension of MY and NY3 will have no effect on their solubility's","","The molar solubilities of MY and NY3 in water are identical","","The molar solubility of MY in water is less than that of NY3",,The molar solubilities of MY and NY3 in water are identical,
162,chemistry,Vol2,8,15,"What is the pH of the resulting solution when equal volumes of 0.1M NaOH and 0.01M HCl are mixed?",,2.0,,3,,7.0,,12.65,,12.65,
163,chemistry,Vol2,8,16,"The dissociation constant of a weak acid is 1×10-3. In order to prepare a buffer solution with a pH = 4, the [Acid]/[Salt] ratio should be",,4:3,,3:4,,10:1,,1:10,,10:1,
164,chemistry,Vol2,8,17,"The pH of 10-5M KOH solution will be",,9,,5,,19,,None of these,,9,
165,chemistry,Vol2,8,18,"H2PO4- the conjugate base of",,"$PO_4^{3-}$",,"$P_2O_5$",,"$H_3PO_4$",,"$HPO_4^{2-}$",,"$H_3PO_4$",
166,chemistry,Vol2,8,19,Which of the following can act as Lowry-Bronsted acid as well as base?,,HCl,,$SO_4^{2-}$,,$HPO_4^{2-}$,,$Br^-$,,$HPO_4^{2-}$,
167,chemistry,Vol2,8,20,The pH of an aqueous solution is Zero. The solution is,,Slightly acidic,,Strongly acidic,,Neutral,,Basic,,Strongly acidic,
168,chemistry,Vol2,8,21,The hydrogen ion concentration of a buffer solution consisting of a weak acid and its salts is given by,,"$[H^+] = \frac{K_a[acid]}{[salt]}$",,"$[H^+] = K_a[salt]$",,"$[H^+] = K_a[acid]$",,"$[H^+] = \frac{K_a[salt]}{[acid]}$",,"$[H^+] = \frac{K_a[acid]}{[salt]}$",
169,chemistry,Vol2,8,22,Which of the following relation is correct for degree of hydrolysis of ammonium acetate?,,"$h = \sqrt{\frac{K_b}{C}}$",,"$h = \sqrt{\frac{K_a}{K_b}}$",,"$h = \sqrt{\frac{K_w}{K_a \cdot K_b}}$",,"$h = \sqrt{\frac{K_a \cdot K_b}{K_w}}$",,"$h = \sqrt{\frac{K_w}{K_a \cdot K_b}}$",
170,chemistry,Vol2,8,23,"Dissociation constant of NH4OH is 1.8×10-5. The hydrolysis constant of NH4Cl would be",,"$1.8 \times 10^{-19}$",,"$5.55 \times 10^{-10}$",,"$5.55 \times 10^{-5}$",,"$1.80 \times 10^{-5}$",,"$5.55 \times 10^{-10}$",
171,chemistry,Vol2,9,1,The number of electrons that have a total charge of 9650 coulombs is,,"$6.22 \times 10^{23}$",,"$6.022 \times 10^{24}$",,"$6.022 \times 10^{22}$",,"$6.022 \times 10^{-34}$",,"$6.022 \times 10^{22}$",
172,chemistry,Vol2,9,2,"Consider the following half cell reactions: Mn2+ + 2e- → Mn E° = -1.18V; Mn2+ → Mn3+ + e- E° = -1.51V. The E° for the reaction 3Mn2+ → Mn + 2Mn3+ and the possibility of the forward reaction are respectively",,2.69V and spontaneous,,-2.69 and non spontaneous,,0.33V and Spontaneous,,4.18V and non spontaneous,,-2.69 and non spontaneous,
173,chemistry,Vol2,9,3,"The button cell used in watches has cell potential: Ag2O(s)+H2O(l)+2e-→2Ag(s)+2OH-(aq) E°=0.34V and Zn(s)→Zn2+(aq)+2e- E°=0.76V. The cell potential will be",,0.84V,,1.34V,,1.10V,,0.42V,,1.10V,
174,chemistry,Vol2,9,4,"The molar conductivity of a 0.5 mol dm-3 solution of AgNO3 with electrolytic conductivity of 5.76×10-3 S cm-1 at 298 K is",,"2.88 S cm2 mol-1",,"11.52 S cm2 mol-1",,"0.086 S cm2 mol-1",,"28.8 S cm2 mol-1",,"11.52 S cm2 mol-1",
175,chemistry,Vol2,9,5,"Calculate Λ°(HOAc) using appropriate molar conductances of the electrolytes KCl=149.9, KNO3=145.0, HCl=426.2, NaOAC=91.0, NaCl=126.5 (S cm2 mol-1) at infinite dilution in water at 25°C.",,517.2,,552.7,,390.7,,217.5,,390.7,
176,chemistry,Vol2,9,6,Faraday constant is defined as,,Charge carried by 1 electron,,Charge carried by one mole of electrons,,Charge required to deposit one mole of substance,,"Charge carried by $6.22 \times 10^{10}$ electrons",,Charge carried by one mole of electrons,
177,chemistry,Vol2,9,7,"How many faradays of electricity are required for the following reaction to occur: MnO4- → Mn2+",,5F,,3F,,1F,,7F,,5F,
178,chemistry,Vol2,9,8,"A current strength of 3.86 A was passed through molten Calcium oxide for 41 minutes and 40 seconds. The mass of Calcium in grams deposited at the cathode is (atomic mass of Ca is 40g/mol and 1F = 96500C).",,4,,2,,8,,6,,4,
179,chemistry,Vol2,9,9,"During electrolysis of molten sodium chloride, the time required to produce 0.1 mole of chlorine gas using a current of 3A is",,55 minutes,,107.2 minutes,,220 minutes,,330 minutes,,107.2 minutes,
180,chemistry,Vol2,9,10,"The number of electrons delivered at the cathode during electrolysis by a current of 1A in 60 seconds is (charge of electron = 1.6×10-19 C)",,"$6.22 \times 10^{23}$",,"$6.022 \times 10^{20}$",,"$3.75 \times 10^{20}$",,"$7.48 \times 10^{23}$",,"$3.75 \times 10^{20}$",
181,chemistry,Vol2,9,11,Which of the following electrolytic solution has the least specific conductance,,2N,,0.002N,,0.02N,,0.2N,,2N,
182,chemistry,Vol2,9,12,While charging lead storage battery,,"PbSO4 on cathode is reduced to Pb",,"PbSO4 on anode is oxidised to PbO2",,"PbSO4 on anode is reduced to Pb",,"PbSO4 on cathode is oxidised to Pb",,"PbSO4 on anode is oxidised to PbO2",
183,chemistry,Vol2,9,13,"Among the following cells: I) Leclanche cell II) Nickel-Cadmium cell III) Lead storage battery IV) Mercury cell. Primary cells are",,I and IV,,I and III,,III and IV,,II and III,,I and IV,
184,chemistry,Vol2,9,14,Zinc can be coated on iron to produce galvanized iron but the reverse is not possible. It is because,,Zinc is lighter than iron,,Zinc has lower melting point than iron,,Zinc has lower negative electrode potential than iron,,Zinc has higher negative electrode potential than iron,,Zinc has higher negative electrode potential than iron,
185,chemistry,Vol2,9,15,"Assertion: pure iron when heated in dry air is converted with a layer of rust. Reason: Rust has the composition Fe3O4.",,If both assertion and reason are true and reason is the correct explanation of assertion.,,If both assertion and reason are true but reason is not the correct explanation of assertion.,,Assertion is true but reason is false.,,Both assertion and reason are false.,,Assertion is true but reason is false.,
186,chemistry,Vol2,9,16,"In H2-O2 fuel cell, the reaction occurs at cathode is",,"$O_2(g) + 2H_2O(l) + 4e^- \rightarrow 4OH^-(aq)$",,"$H^+(aq) + OH^-(aq) \rightarrow H_2O(l)$",,"$2H_2(g) + O_2(g) \rightarrow 2H_2O(g)$",,"$H^+ + e^- \rightarrow \frac{1}{2}H_2$",,"$O_2(g) + 2H_2O(l) + 4e^- \rightarrow 4OH^-(aq)$",
187,chemistry,Vol2,9,17,"The equivalent conductance of M/36 solution of a weak monobasic acid is 6 mho cm2 equivalent-1 and at infinite dilution is 400 mho cm2 equivalent-1. The dissociation constant of this acid is",,"$1.25 \times 10^{-6}$",,"$6.25 \times 10^{-6}$",,"$1.25 \times 10^{-4}$",,"$6.25 \times 10^{-5}$",,"$1.25 \times 10^{-6}$",
188,chemistry,Vol2,9,18,"A conductivity cell has been calibrated with a 0.01M 1:1 electrolytic solution (specific conductance κ=1.25×10-3 S cm-1) in the cell and the measured resistance was 800 Ω at 25°C. The cell constant is",,"$10^{-1}$ cm-1",,"$10^1$ cm-1",,1 cm-1,,"$5.7 \times 10^{-42}$",,"1 cm-1",
189,chemistry,Vol2,9,19,"Conductivity of a saturated solution of a sparingly soluble salt AB (1:1 electrolyte) at 298K is 1.85×10-5 S m-1. Solubility product of the salt AB at 298K (Λ°m)AB = 14×10-3 S m2 mol-1.",,"$5.7 \times 10^{-42}$",,"$1.32 \times 10^{-42}$",,"$7.5 \times 10^{-42}$",,"$1.74 \times 10^{-42}$",,"$1.74 \times 10^{-12}$",
190,chemistry,Vol2,9,20,"In the electrochemical cell: Zn|ZnSO4(0.01M)||CuSO4(1.0M)|Cu, the emf of this Daniel cell is E1. When the concentration of ZnSO4 is changed to 1.0M and that of CuSO4 changed to 0.01M, the emf changes to E2. From the above, which one is the relationship between E1 and E2?",,"$E_1 < E_2$",,"$E_1 > E_2$",,"$E_2 \geq E_1$",,"$E_1 = E_2$",,"$E_1 > E_2$",
191,chemistry,Vol2,9,21,"Consider the change in oxidation state of Bromine corresponding to different emf values: BrO4- →(1.82V)→ BrO3- →(1.5V)→ HBrO →(1.595V)→ Br2 →(1.0652V)→ Br-. Then the species undergoing disproportionation is",,$Br_2$,,$BrO_4^-$,,$BrO_3^-$,,HBrO,,HBrO,
192,chemistry,Vol2,9,22,"For the cell reaction: 2Fe3+(aq) + 2I-(aq) → 2Fe2+(aq) + I2(aq); E°cell = 0.24V at 298K. The standard Gibbs energy (ΔG°) of the cell reactions is:",,"−46.32 kJ mol-1",,"−23.16 kJ mol-1",,"46.32 kJ mol-1",,"23.16 kJ mol-1",,"−46.32 kJ mol-1",
193,chemistry,Vol2,9,23,"A certain current liberated 0.504 gm of hydrogen in 2 hours. How many grams of copper can be liberated by the same current flowing for the same time through copper sulphate solution?",,31.75,,15.8,,7.5,,63.5,,15.8,
194,chemistry,Vol2,9,24,"A gas X at 1 atm is bubbled through a solution containing a mixture of 1MY- and 1MZ- at 25°C. If the reduction potential of Z>Y>X, then",,Y will oxidize X and not Z,,Y will oxidize Z and not X,,Y will oxidize both X and Z,,Y will reduce both X and Z,,Y will oxidize Z and not X,
195,chemistry,Vol2,9,25,"Cell equation: A2+ + 2B- → A + 2B; A2+ + 2e- → A E° = +0.34V and log10K = 15.6 at 300K for cell reactions. Find E° for B+ + e- → B (AIIMS-2018)",,0.80,,1.26,,-0.54,,-10.94,,-0.54,
196,chemistry,Vol2,10,1,"For Freundlich isotherm a graph of log(x/m) is plotted against log p. The slope of the line and its y-axis intercept respectively corresponds to",,"$\frac{1}{n}$, k",,"$\log\frac{1}{n}$, k",,"$\frac{1}{n}$, log k",,"$\log\frac{1}{n}$, log k",,"$\frac{1}{n}$, log k",
197,chemistry,Vol2,10,2,Which of the following is incorrect for physisorption?,,Reversible,,Increases with increase in temperature,,Low heat of adsorption,,Increases with increase in surface area,,Increases with increase in temperature,
198,chemistry,Vol2,10,3,"Which one of the following characteristics are associated with adsorption? (NEET)",,"ΔG and ΔH are negative but ΔS is positive",,"ΔG and ΔS are negative but ΔH is positive",,"ΔG is negative but ΔH and ΔS are positive",,"ΔG, ΔH and ΔS all are negative",,"ΔG and ΔS are negative but ΔH is positive",
199,chemistry,Vol2,10,4,Fog is colloidal solution of,,Solid in gas,,Gas in gas,,Liquid in gas,,Gas in liquid,,Liquid in gas,
200,chemistry,Vol2,10,5,"Assertion: Coagulation power of Al3+ is more than Na+. Reason: greater the valency of the flocculating ion added, greater is its power to cause precipitation.",,If both assertion and reason are true and reason is the correct explanation of assertion.,,If both assertion and reason are true but reason is not the correct explanation of assertion.,,Assertion is true but reason is false.,,Both assertion and reason are false.,,If both assertion and reason are true and reason is the correct explanation of assertion.,
201,chemistry,Vol2,10,6,"Statement: To stop bleeding from an injury, ferric chloride can be applied. Which comment about the statement is justified?",,It is not true; ferric chloride is a poison.,,"It is true, Fe3+ ions coagulate blood which is a negatively charged sol",,It is not true; ferric chloride is ionic and gets into the blood stream.,,It is true; coagulation takes place because of formation of negatively charged sol with Cl-.,,It is true; Fe3+ ions coagulate blood which is a negatively charged sol,
202,chemistry,Vol2,10,7,Hair cream is,,Gel,,Emulsion,,Solid sol,,Sol,,Emulsion,
203,chemistry,Vol2,10,8,Which one of the following is correctly matched?,,Emulsion – Smoke,,Gel – Butter,,Foam – Mist,,Whipped cream – Sol,,Gel – Butter,
204,chemistry,Vol2,10,9,"The most effective electrolyte for the coagulation of As2S3 Sol is",,NaCl,,"$Ba(NO_3)_2$",,"$K_3[Fe(CN)_6]$",,"$Al_2(SO_4)_3$",,"$Al_2(SO_4)_3$",
205,chemistry,Vol2,10,10,Which one of the is not a surfactant?,,CH3-(CH2)15-N+(CH3)2 CH2Br,,CH3-(CH2)15-NH2,,"CH3-(CH2)16-CH2 OSO2- Na+",,"OHC-(CH2)14-CH2-COO- Na+","","CH3-(CH2)15-NH2",
206,chemistry,Vol2,10,11,The phenomenon observed when a beam of light is passed through a colloidal solution is,,Cataphoresis,,Electrophoresis,,Coagulation,,Tyndall effect,,Tyndall effect,
207,chemistry,Vol2,10,12,"In an electrical field, the particles of a colloidal system move towards cathode. The coagulation of the same sol is studied using K2SO4(i), Na3PO4(ii), K4[Fe(CN)6](iii) and NaCl(iv). Their coagulating power should be",,II > I > IV > III,,III > II > I > IV,,I > II > III > IV,,None of these,,III > II > I > IV,
208,chemistry,Vol2,10,13,Collodion is a 4% solution of which one of the following compounds in alcohol-ether mixture?,,Nitroglycerine,,Cellulose acetate,,Glycoldinitrate,,Nitrocellulose,,Nitrocellulose,
209,chemistry,Vol2,10,14,Which one of the following is an example for homogeneous catalysis?,,Manufacture of ammonia by Haber's process,,Manufacture of sulphuric acid by contact process,,Hydrogenation of oil,,Hydrolysis of sucrose in presence of dil HCl,,Hydrolysis of sucrose in presence of dil HCl,
210,chemistry,Vol2,10,15,"Match the following: A-V2O5 (i) High density polyethylene, B-Ziegler-Natta (ii) PAN, C-Peroxide (iii) NH3, D-Finely divided Fe (iv) H2SO4",,A-iv B-i C-ii D-iii,,A-i B-ii C-iv D-iii,,A-ii B-iii C-iv D-i,,A-iii B-iv C-ii D-i,,A-iv B-i C-ii D-iii,
211,chemistry,Vol2,10,16,"The coagulation values in millimoles per litre of the electrolytes for the coagulation of As2S3 are: (I)NaCl=52, (II)BaCl2=0.69, (III)MgSO4=0.22. The correct order of their coagulating power is",,III > II > I,,I > II > III,,I > III > II,,II > III > I,,III > II > I,
212,chemistry,Vol2,10,17,"Adsorption of a gas on solid metal surface is spontaneous and exothermic, then",,ΔH increases,,ΔS increases,,ΔG increases,,ΔS decreases,,ΔS decreases,
213,chemistry,Vol2,10,18,"If x is the amount of adsorbate and m is the amount of adsorbent, which of the following relations is not related to adsorption process?",,"$\frac{x}{m} = f(P)$ at constant T",,"$\frac{x}{m} = f(T)$ at constant P",,"P = f(T) at constant $\frac{x}{m}$",,"$\frac{x}{m} = PT$",,"$\frac{x}{m} = PT$",
214,chemistry,Vol2,10,19,"On which of the following properties does the coagulating power of an ion depend? (NEET-2018)",,Both magnitude and sign of the charge on the ion.,,Size of the ion alone,,The magnitude of the charge on the ion alone,,The sign of charge on the ion alone,,The magnitude of the charge on the ion alone,
215,chemistry,Vol2,10,20,"Match the following: A-Pure nitrogen (i)Chlorine, B-Haber process (ii)Sulphuric acid, C-Contact process (iii)Ammonia, D-Deacons Process (iv)Sodium azide or Barium azide. Which is correct option?",,"A-i B-ii C-iii D-iv",,"A-ii B-iv C-i D-iii",,"A-iii B-iv C-ii D-i",,"A-iv B-iii C-ii D-i",,"A-iv B-iii C-ii D-i",
216,chemistry,Vol2,11,1,"An alcohol (x) gives blue colour in Victormeyer's test and 3.7g of X when treated with metallic sodium liberates 560 mL of hydrogen at 273 K and 1 atm pressure. What will be the possible structure of X?",,CH3CH(OH)CH2CH3,,CH3-CH(OH)-CH3,,"CH3C(OH)(CH3)2",,"CH3-CH2-CH(OH)-CH2-CH3",,"CH3CH(OH)CH2CH3",
217,chemistry,Vol2,11,2,Which of the following compounds on reaction with methyl magnesium bromide will give tertiary alcohol?,,Benzaldehyde,,Propanoic acid,,Methyl propanoate,,Acetaldehyde,,Methyl propanoate,
218,chemistry,Vol2,11,3,"Reaction: alkene + BH3/THF then H2O2/OH- gives product X. The product X is",,chem_img_2,,chem_img_3,,chem_img_4,,None of these,,chem_img_2,
219,chemistry,Vol2,11,4,"In the reaction sequence, Ethene →(HOCl)→ A →(X)→ ethan-1,2-diol. A and X respectively are",,Chloroethane and NaOH,,"Ethanol and H2SO4","","2-chloroethan-1-ol and NaHCO3","","Ethanol and H2O","","2-chloroethan-1-ol and NaHCO3",
220,chemistry,Vol2,11,5,Which one of the following is the strongest acid,,2-nitrophenol,,4-chlorophenol,,4-nitrophenol,,3-nitrophenol,,4-nitrophenol,
221,chemistry,Vol2,11,6,"Benzyl alcohol (PhCH2OH) on treatment with Con H2SO4 predominantly gives",chem_img_5,chem_img_6,,chem_img_7,,chem_img_8,,chem_img_9,,chem_img_7,
222,chemistry,Vol2,11,7,Carbolic acid is,,Phenol,,Picric acid,,Benzoic acid,,Phenylacetic acid,,Phenol,
223,chemistry,Vol2,11,8,Which one of the following will react with phenol to give salicyladehyde after hydrolysis?,,Dichloro methane,,Trichloroethane,,Trichloro methane,,CO2,,Trichloro methane,
224,chemistry,Vol2,11,9,"(CH3)3C-CH(OH)CH3 →(Con H2SO4)→ X (major product)",,$(CH_3)_3CCH=CH_2$,,"$(CH_3)_2C=C(CH_3)_2$",,"$CH_2=C(CH_3)CH_2-CH_2-CH_3$",,"$CH_2=C(CH_3)-CH_2-CH_2-CH_3$",,"$(CH_3)_2C=C(CH_3)_2$",
225,chemistry,Vol2,11,10,"The correct IUPAC name of the compound H3C-CH(Cl)-CH(CH3)-CH(CH3)-CH2-OH",,4-chloro-2,3-dimethyl pentan-1-ol,,2,3-dimethyl-4-chloropentan-1-ol,,2,3,4-trimethyl-4-chlorobutan-1-ol,,4-chloro-2,3,4-trimethyl pentan-1-ol,,2,3-dimethyl-4-chloropentan-1-ol,
226,chemistry,Vol2,11,11,"Assertion: Phenol is more acidic than ethanol. Reason: Phenoxide ion is resonance stabilized.",,Both assertion and reason are true and reason is the correct explanation of assertion.,,Both assertion and reason are true but reason is not the correct explanation of assertion.,,Assertion is true but reason is false.,,Both assertion and reason are false.,,Both assertion and reason are true and reason is the correct explanation of assertion.,
227,chemistry,Vol2,11,12,"In the reaction: Ethanol →(PCl5)→ X →(alc.KOH)→ Y →(H2SO4/H2O, 298K)→ Z. The 'Z' is",,Ethane,,Ethoxyethane,,Ethylbisulphite,,Ethanol,,Ethanol,
228,chemistry,Vol2,11,13,"The reaction: PhOH →(NaH)→ PhONa →(CH3-I)→ PhOCH3 can be classified as",,Dehydration,,Williamson alcohol synthesis,,Williamson ether synthesis,,Dehydrogenation of alcohol,,Williamson ether synthesis,
229,chemistry,Vol2,11,14,"Isopropylbenzene on air oxidation in the presence of dilute acid gives",,C6H5COOH,,C6H5COCH3,,C6H5COC6H5,,C6H5-OH,,C6H5-OH,
230,chemistry,Vol2,11,15,"Assertion: Phenol is more reactive than benzene towards electrophilic substitution reaction. Reason: In the case of phenol, the intermediate arenium ion is more stabilized by resonance.",,If both assertion and reason are true and reason is the correct explanation of assertion.,,If both assertion and reason are true but reason is not the correct explanation of assertion.,,Assertion is true but reason is false.,,Both assertion and reason are false.,,If both assertion and reason are true and reason is the correct explanation of assertion.,
231,chemistry,Vol2,11,16,"HOCH2CH2-OH on heating with periodic acid gives",,Methanoic acid,,Glyoxal,,Methanal,,CO2,,Methanal,
232,chemistry,Vol2,11,17,Which of the following compound can be used as antifreeze in automobile radiators?,,Methanol,,Ethanol,,Neopentyl alcohol,,Ethan-1,2-diol,,Ethan-1,2-diol,
233,chemistry,Vol2,11,18,"The reactions: catechol →(i)NaOH, (ii)CH2Cl2→ product is an example of",,Wurtz reaction,,Cyclic reaction,,Williamson reaction,,Kolbe reactions,,Williamson reaction,
234,chemistry,Vol2,11,19,"One mole of an organic compound (A) with the formula C3H8O reacts completely with two moles of HI to form X and Y. When Y is boiled with aqueous alkali it forms Z. Z answers the iodoform test. The compound (A) is",,Propan-2-ol,,Propan-1-ol,,Ethoxy ethane,,Methoxy ethane,,Ethoxy ethane,
235,chemistry,Vol2,11,20,"Among the following ethers which one will produce methyl alcohol on treatment with hot HI?",,$(H_3C)_3C-O-CH_3$,,"$(CH_3)_2-CH-CH_2-O-CH_3$",,"$CH_3(CH_2)_3-O-CH_3$",,"$CH_3-CH_2-CH(CH_3)-O-CH_3$",,"$(H_3C)_3C-O-CH_3$",
236,chemistry,Vol2,11,21,Williamson synthesis of preparing dimethyl ether is a/an,,"SN1 reactions",,"SN2 reaction",,Electrophilic addition,,Electrophilic substitution,,"SN2 reaction",
237,chemistry,Vol2,11,22,"On reacting with neutral ferric chloride, phenol gives",,Red colour,,Violet colour,,Dark green colour,,No colouration.,,Violet colour,
238,chemistry,Vol2,12,1,"The correct structure of the product 'A' formed in the reaction: cyclohexanone + H2 (gas, 1 atm) Pd/C ethanol → A is",chem_img_10,chem_img_11,chem_img_12,chem_img_13,chem_img_10,
239,chemistry,Vol2,12,2,The formation of cyanohydrin from acetone is an example of,,Nucleophilic substitution,,Electrophilic substitution,,Electrophilic addition,,Nucleophilic addition,,Nucleophilic addition,
240,chemistry,Vol2,12,3,"Reaction of acetone with one of the following reagents involves nucleophilic addition followed by elimination of water. The reagent is",,Grignard reagent,,Sn/HCl,,Hydrazine in presence of slightly acidic solution,,Hydrocyanic acid,,Hydrazine in presence of slightly acidic solution,
241,chemistry,Vol2,12,4,"In the following reaction, HC≡CH →(H2SO4/HgSO4)→ X. Product 'X' will not give",,Tollen's test,,Victor Meyer test,,Iodoform test,,Fehling solution test,,Victor Meyer test,
242,chemistry,Vol2,12,5,"CH2=CH2 →(i)O3, (ii)Zn/H2O→ X →(NH3)→ Y. 'Y' is",,Formaldelyde,,Di acetone ammonia,,Hexamethylene tetraamine,,Oxime,,Hexamethylene tetraamine,
243,chemistry,Vol2,12,6,"Predict the product Z in the following series of reactions: Ethanoic acid →(PCl3)→ X →(C6H6/AnhydrousAlCl3)→ Y →(i)CH3MgBr, (ii)H3O+→ Z",,$(CH_3)_2C(OH)C_6H_5$,,CH3CH(OH)C6H5,,CH3CH(OH)CH2-CH3,,,$(CH_3)_2C(OH)C_6H_5$,
244,chemistry,Vol2,12,7,"Assertion: 2,2-dimethyl propanoic acid does not give HVZ reaction. Reason: 2-2, dimethyl propanoic acid does not have α-hydrogen atom.",,If both assertion and reason are true and reason is the correct explanation of assertion.,,If both assertion and reason are true but reason is not the correct explanation of assertion.,,Assertion is true but reason is false.,,Both assertion and reason are false.,,If both assertion and reason are true and reason is the correct explanation of assertion.,
245,chemistry,Vol2,12,8,Which of the following represents the correct order of acidity in the given compounds,,FCH2COOH > CH3COOH > BrCH2COOH > ClCH2COOH,,FCH2COOH > ClCH2COOH > BrCH2COOH > CH3COOH,,CH3COOH > ClCH2COOH > FCH2COOH > BrCH2COOH,,ClCH2COOH > CH3COOH > BrCH2COOH > ICH2COOH,,FCH2COOH > ClCH2COOH > BrCH2COOH > CH3COOH,
246,chemistry,Vol2,12,9,"Benzoic acid →(i)NH3, (ii)Δ→ A →(NaOBr)→ B →(NaNO2/HCl)→ C. 'C' is",,Anilinium chloride,,O-nitro aniline,,Benzene diazonium chloride,,m-nitro benzoic acid,,Benzene diazonium chloride,
247,chemistry,Vol2,12,10,"Ethanoic acid →(P/Br2)→ 2-bromoethanoic acid. This reaction is called",,Finkelstein reaction,,Haloform reaction,,Hell-Volhard-Zelinsky reaction,,None of these,,Hell-Volhard-Zelinsky reaction,
248,chemistry,Vol2,12,11,"CH3Br →(KCN)→ (A) →(H3O+)→ (B) →(PCl3)→ (C). Product (C) is",,Acetylchloride,,Chloro acetic acid,,$\alpha$-chlorocyano ethanoic acid,,None of these,,Chloro acetic acid,
249,chemistry,Vol2,12,12,Which one of the following reduces Tollens reagent,,Formic acid,,Acetic acid,,Benzophenone,,None of these,,Formic acid,
250,chemistry,Vol2,12,13,"Cyclopentyl bromide →(i)Mg ether, (ii)CO2→ A →(H3O+)→ B. 'B' is",chem_img_14,chem_img_15,chem_img_16,chem_img_17,chem_img_14,
251,chemistry,Vol2,12,14,"The IUPAC name of CH2=CH-CH2-COOH is",,But-3-enoicacid,,But-1-ene-4-oicacid,,But-2-ene-1-oic acid,,But-3-ene-1-oicacid,,But-3-ene-1-oicacid,
252,chemistry,Vol2,12,15,"Identify the product formed in the reaction: acetophenone + N2H4 / C2H5ONa",chem_img_18,chem_img_19,chem_img_20,chem_img_21,chem_img_19,
253,chemistry,Vol2,12,16,"In which case chiral carbon is not generated by reaction with HCN",chem_img_22,chem_img_23,chem_img_24,chem_img_25,chem_img_22,
254,chemistry,Vol2,12,17,"Assertion: p-N,N-dimethyl aminobenzaldehyde undergoes benzoin condensation. Reason: The aldehydic (-CHO) group is meta directing.",,If both assertion and reason are true and reason is the correct explanation of assertion.,,If both assertion and reason are true but reason is not the correct explanation of assertion.,,Assertion is true but reason is false.,,Both assertion and reason are false.,,Both assertion and reason are false.,
255,chemistry,Vol2,12,18,Which one of the following reaction is an example of disproportionation reaction,,Aldol condensation,,Cannizaro reaction,,Benzoin condensation,,None of these,,Cannizaro reaction,
256,chemistry,Vol2,12,19,Which one of the following undergoes reaction with 50% sodium hydroxide solution to give the corresponding alcohol and acid,,Phenylmethanal,,Ethanal,,Ethanol,,Methanol,,Phenylmethanal,
257,chemistry,Vol2,12,20,The reagent used to distinguish between acetaldehyde and benzaldehyde is,,Tollens reagent,,Fehling's solution,,2,4-dinitrophenyl hydrazine,,Semicarbazide,,Fehling's solution,
258,chemistry,Vol2,12,21,"Phenyl methanal is reacted with concentrated NaOH to give two products X and Y. X reacts with metallic sodium to liberate hydrogen. X and Y are",,Sodium benzoate and phenol,,Sodium benzoate and phenyl methanol,,Phenyl methanol and sodium benzoate,,None of these,,Phenyl methanol and sodium benzoate,
259,chemistry,Vol2,12,22,In which of the following reactions new carbon-carbon bond is not formed?,,Aldol condensation,,Friedel craft reaction,,Kolbe's reaction,,Wolf Kishner reduction,,Wolf Kishner reduction,
260,chemistry,Vol2,12,23,"An alkene 'A' on reaction with O3 and Zn-H2O gives propanone and ethanal in equimolar ratio. Addition of HCl to alkene 'A' gives 'B' as the major product. The structure of product 'B' is",chem_img_26,chem_img_27,chem_img_28,chem_img_29,chem_img_26,
261,chemistry,Vol2,12,24,"Carboxylic acids have higher boiling points than aldehydes, ketones and even alcohols of comparable molecular mass. It is due to their (NEET)",,More extensive association of carboxylic acid via van der Waals force of attraction,,Formation of carboxylate ion,,Formation of intramolecular H-bonding,,Formation of intermolecular H-bonding,,Formation of intermolecular H-bonding,
262,chemistry,Vol2,13,1,Which of the following reagent can be used to convert nitrobenzene to aniline,,Sn/HCl,,ZnHg/NaOH,,Zn/NH4Cl,,All of these,,All of these,
263,chemistry,Vol2,13,2,The method by which aniline cannot be prepared is,,Degradation of benzamide with Br2/NaOH,,Potassium salt of phthalimide treated with chlorobenzene followed by hydrolysis with aqueous NaOH solution.,,Reduction of Nitrobenzene with LiAlH4,,Reduction of nitrobenzene by Sn/HCl.,,Potassium salt of phthalimide treated with chlorobenzene followed by hydrolysis with aqueous NaOH solution.,
264,chemistry,Vol2,13,3,Which one of the following will not undergo Hofmann bromamide reaction,,CH3CONHCH3,,CH3CH2CONH2,,CH3CONH2,,C6H5CONH2,,CH3CONHCH3,
265,chemistry,Vol2,13,4,"Assertion: Acetamide on reaction with KOH and bromine gives acetic acid. Reason: Bromine catalyses hydrolysis of acetamide.",,If both assertion and reason are true and reason is the correct explanation of assertion.,,If both assertion and reason are true but reason is not the correct explanation of assertion.,,Assertion is true but reason is false.,,Both assertion and reason are false.,,Assertion is true but reason is false.,
266,chemistry,Vol2,13,5,"CH3CH2Br →(aq.NaOH/Δ)→ A →(KMnO4/H+/Δ)→ B →(NH3/Δ)→ C →(Br2/NaOH)→ D. 'D' is",,Bromomethane,,$\alpha$-bromo sodium acetate,,Methanamine,,Acetamide,,Methanamine,
267,chemistry,Vol2,13,6,Which one of the following nitro compounds does not react with nitrous acid,,CH3-CH2-CH2-NO2,,"(CH3)2CH-CH2NO2",,"(CH3)3CNO2",,CH3-C(=O)-CH-NO2-CH3,,"(CH3)3CNO2",
268,chemistry,Vol2,13,7,"Aniline + benzoylchloride →(NaOH)→ C6H5-NH-COC6H5. This reaction is known as",,Friedel-crafts reaction,,HVZ reaction,,Schotten-Baumann reaction,,None of these,,Schotten-Baumann reaction,
269,chemistry,Vol2,13,8,The product formed by the reaction of an aldehyde with a primary amine,,Carboxylic acid,,Aromatic acid,,Schiff's base,,Ketone,,Schiff's base,
270,chemistry,Vol2,13,9,Which of the following reaction is not correct?,,CH3CH2NH2 →(HNO2)→ CH3CH2OH + N2,,"(CH3)2N-Ph →(NaNO2/HCl)→ (CH3)2N-Ph-N=NCl",,CH3CONH2 →(Br2/NaOH)→ CH3NH2,,None of these,,"(CH3)2N-Ph →(NaNO2/HCl)→ (CH3)2N-Ph-N=NCl",
271,chemistry,Vol2,13,10,"When aniline reacts with acetic anhydride, the product formed is",,o-aminoacetophenone,,m-aminoacetophenone,,p-aminoacetophenone,,Acetanilide,,Acetanilide,
272,chemistry,Vol2,13,11,The order of basic strength for methyl substituted amines in aqueous solution is,,"N(CH3)3 > N(CH3)2H > N(CH3)H2 > NH3",,"N(CH3)H2 > N(CH3)2H > N(CH3)3 > NH3",,"NH3 > N(CH3)H2 > N(CH3)2H > N(CH3)3",,"N(CH3)2H > N(CH3)H2 > N(CH3)3 > NH3",,"N(CH3)H2 > N(CH3)2H > N(CH3)3 > NH3",
273,chemistry,Vol2,13,12,"o-bromo nitrobenzene with diazonium chloride (N=N-Cl) →(A)→ o-bromo nitrobenzene with Br-N=N (NEET). 'A' is",,"$H_3PO_2$ and $H_2O$",,"$H^+/H_2O$",,"$HgSO_4/H_2SO_4$",,"$Cu_2Cl_2$",,"$H_3PO_2$ and $H_2O$",
274,chemistry,Vol2,13,13,"C6H5NO2 →(Fe/HCl)→ A →(NaNO2/HCl, 273K)→ B →(H2O, 283K)→ C. 'C' is",,C6H5-OH,,C6H5-CH2OH,,C6H5-CHO,,C6H5NH2,,C6H5-OH,
275,chemistry,Vol2,13,14,"Nitrobenzene on reaction with Con HNO3/H2SO4 at 80-100°C forms which one of the following products?",,1,4-dinitrobenzene,,2,4,6-trinitrobenzene,,1,2-dinitrobenzene,,1,3-dinitrobenzene,,1,3-dinitrobenzene,
276,chemistry,Vol2,13,15,"C5H13N reacts with HNO2 to give an optically active compound. The compound is",,Pentan-1-amine,,Pentan-2-amine,,N,N-dimethylpropan-2-amine,,Diethyl methyl amine,,Pentan-2-amine,
277,chemistry,Vol2,13,16,Secondary nitro alkanes react with nitrous acid to form,,Red solution,,Blue solution,,Green solution,,Yellow solution,,Yellow solution,
278,chemistry,Vol2,13,17,Which of the following amines does not undergo acetylation?,,t-butylamine,,Ethylamine,,Diethylamine,,Triethylamine,,Triethylamine,
279,chemistry,Vol2,13,18,Which one of the following is most basic?,,2,4-dichloroaniline,,2,4-dimethyl aniline,,2,4-dinitroaniline,,2,4-dibromoaniline,,2,4-dimethyl aniline,
280,chemistry,Vol2,13,19,"When ethyl nitrate is reduced with Sn/HCl, the pair of compounds formed are",,Ethanol and hydroxylamine hydrochloride,,Ethanol and ammonium hydroxide,,"Ethanol, NH2OH.",,C3H5NH2 and H2O,,Ethanol and hydroxylamine hydrochloride,
281,chemistry,Vol2,13,20,"IUPAC name for the amine: CH3-N(CH3)-C(CH3)(C2H5)-CH2-CH3",,3-Bimethylamino-3-methyl pentane,,3(N,N-Triethyl)-3-amino pentane,,3-N,N-trimethyl pentanamine,,N,N-dimethyl-3-methyl-pentan-3-amine,,N,N-dimethyl-3-methyl-pentan-3-amine,
282,chemistry,Vol2,13,21,"p-methoxybenzonitrile + CH3MgBr →(H3O+)→ P. Product 'P' in the above reaction is",chem_img_30,chem_img_31,chem_img_32,chem_img_33,chem_img_31,
283,chemistry,Vol2,13,22,"Ammonium salt of benzoic acid is heated strongly with P2O5 and the product so formed is reduced and then treated with NaNO2/HCl at low temperature. The final compound formed is",,Benzene diazonium chloride,,Benzyl alcohol,,Phenol,,Nitrosobenzene,,Benzene diazonium chloride,
284,chemistry,Vol2,13,23,"Identify X in the sequence: p-chloroaniline →(CHCl3/KOH)→ Y →(HCl, 300K)→ X + methanoic acid",chem_img_34,chem_img_35,chem_img_36,chem_img_37,chem_img_35,
285,chemistry,Vol2,13,24,"Among the following, the reaction that proceeds through an electrophilic substitution, is",chem_img_38,chem_img_39,chem_img_40,chem_img_41,chem_img_39,
286,chemistry,Vol2,13,25,"The major product of the reaction: phthalic acid + NH3 →(strong heating)→",chem_img_42,chem_img_43,chem_img_44,chem_img_45,chem_img_43,
287,chemistry,Vol2,14,1,"Which one of the following rotates the plane polarized light towards left? (NEET Phase-II)",,D(+) Glucose,,L(+) Glucose,,D(-) Fructose,,D(+) Galactose,,D(-) Fructose,
288,chemistry,Vol2,14,2,Which one given below is a non-reducing sugar? (NEET Phase-I),,Glucose,,Sucrose,,Maltose,,Lactose.,,Sucrose,
289,chemistry,Vol2,14,3,"Glucose →(HCN)→ Product →(hydrolysis)→ Product →(HI+Heat)→ A. The compound A is",,Heptanoic acid,,2-Iodohexane,,Heptane,,Heptanol,,Heptanoic acid,
290,chemistry,Vol2,14,4,"Assertion: A solution of sucrose in water is dextrorotatory. But on hydrolysis in the presence of little hydrochloric acid, it becomes levorotatory. (AIIMS). Reason: Sucrose hydrolysis gives equal amounts of glucose and fructose. As a result of this change in sign of rotation is observed.",,If both assertion and reason are true and reason is the correct explanation of assertion,,If both assertion and reason are true but reason is not the correct explanation of assertion,,If assertion is true but reason is false.,,If both assertion and reason are false.,,If both assertion and reason are true and reason is the correct explanation of assertion,
291,chemistry,Vol2,14,5,"The central dogma of molecular genetics states that the genetic information flows from (NEET Phase-II)",,Amino acids → Protein → DNA,,DNA → Carbohydrates → Proteins,,DNA → RNA → Proteins,,DNA → RNA → Carbohydrates,,DNA → RNA → Proteins,
292,chemistry,Vol2,14,6,In a protein various amino acids linked together by (NEET Phase-I),,Peptide bond,,Dative bond,,$\alpha$-Glycosidic bond,,$\beta$-Glycosidic bond,,Peptide bond,
293,chemistry,Vol2,14,7,Among the following the achiral amino acid is (AIIMS),,2-ethylalanine,,2-methylglycine,,2-hydroxymethylserine,,Tryptophan,,2-methylglycine,
294,chemistry,Vol2,14,8,"The correct statement regarding RNA and DNA respectively is (NEET Phase-I)",,The sugar component in RNA is an arabinos and the sugar component in DNA is ribose,,The sugar component in RNA is 2'-deoxyribose and the sugar component in DNA is arabinose,,The sugar component in RNA is an arabinose and the sugar component in DNA is 2'-deoxyribose,,The sugar component in RNA is ribose and the sugar component in DNA is 2'-deoxyribose,,The sugar component in RNA is ribose and the sugar component in DNA is 2'-deoxyribose,
295,chemistry,Vol2,14,9,"In aqueous solution of amino acids, mostly exists in",,"$NH_2-CH(R)-COOH$",,"$NH_2-CH(R)-COO^-$",,"$H_3N^+-CH(R)-COOH$",,"$H_3N^+-CH(R)-COO^-$",,"$H_3N^+-CH(R)-COO^-$",
296,chemistry,Vol2,14,10,Which one of the following is not produced by body?,,DNA,,Enzymes,,Hormones,,Vitamins,,Vitamins,
297,chemistry,Vol2,14,11,The number of sp2 and sp3 hybridised carbon in fructose are respectively,,1 and 4,,4 and 2,,5 and 1,,1 and 5,,1 and 4,
298,chemistry,Vol2,14,12,Vitamin B2 is also known as,,Riboflavin,,Thiamine,,Nicotinamide,,Pyridoxine,,Riboflavin,
299,chemistry,Vol2,14,13,The pyrimidine bases present in DNA are,,Cytosine and Adenine,,Cytosine and Guanine,,Cytosine and Thiamine,,Cytosine and Uracil,,Cytosine and Thiamine,
300,chemistry,Vol2,14,14,The secondary structure of a protein refers to,,Fixed configuration of the polypeptide backbone,,Hydrophobic interaction,,Sequence of α-amino acids,,$\alpha$-helical backbone.,,Fixed configuration of the polypeptide backbone,
301,chemistry,Vol2,14,15,Which of the following vitamins is water soluble?,,Vitamin E,,Vitamin K,,Vitamin A,,Vitamin B,,Vitamin B,
302,chemistry,Vol2,14,16,Complete hydrolysis of cellulose gives,,L-Glucose,,D-Fructose,,D-Ribose,,D-Glucose,,D-Glucose,
303,chemistry,Vol2,14,17,Which of the following statement is not correct?,,Ovalbumin is a simple food reserve in egg-white,,Blood proteins thrombin and fibrinogen are involved in blood clotting,,Denaturation makes protein more active,,Insulin maintains the sugar level of in the human body.,,Denaturation makes protein more active,
304,chemistry,Vol2,14,18,"Glucose is an aldose. Which one of the following reactions is not expected with glucose?",,It does not form oxime,,It does not react with Grignard reagent,,It does not form osazones,,It does not reduce Tollens reagent,,It does not reduce Tollens reagent,
305,chemistry,Vol2,14,19,"If one strand of the DNA has the sequence 'ATGCTTGA', then the sequence of complementary strand would be",,TACGAACT,,TCCGAACT,,TACGTACT,,TACGRAGT,,TACGAACT,
306,chemistry,Vol2,14,20,"Insulin, a hormone chemically is",,Fat,,Steroid,,Protein,,Carbohydrates,,Protein,
307,chemistry,Vol2,14,21,"α-D(+) Glucose and β-D(+) glucose are",,Epimers,,Anomers,,Enantiomers,,Conformational isomers,,Anomers,
308,chemistry,Vol2,14,22,Which of the following are epimers,,D(+)-Glucose and D(+)-Galactose,,D(+)-Glucose and D(+)-Mannose,,Neither (a) nor (b),,Both (a) and (b),,Both (a) and (b),
309,chemistry,Vol2,14,23,Which of the following amino acids are achiral?,,Alanine,,Leucine,,Proline,,Glycine,,Glycine,
310,chemistry,Vol2,15,1,Which of the following is an analgesic?,,Streptomycin,,Chloromycetin,,Aspirin,,Penicillin,,Aspirin,
311,chemistry,Vol2,15,2,"Antiseptics and disinfectants either kill or prevent growth of microorganisms. Identify which of the following statement is not true.",,Dilute solutions of boric acid and hydrogen peroxide are strong antiseptics.,,Disinfectants harm the living tissues.,,A 0.2% solution of phenol is an antiseptic while 1% solution acts as a disinfectant.,,Chlorine and iodine are used as strong disinfectants.,,Dilute solutions of boric acid and hydrogen peroxide are strong antiseptics.,
312,chemistry,Vol2,15,3,Drugs that bind to the receptor site and inhibit its natural function are called,,Antagonists,,Agonists,,Enzymes,,Molecular targets,,Antagonists,
313,chemistry,Vol2,15,4,Aspirin is a/an,,Acetylsalicylic acid,,Benzoyl salicylic acid,,Chlorobenzoic acid,,Anthranilic acid,,Acetylsalicylic acid,
314,chemistry,Vol2,15,5,Which one of the following structures represents nylon 6,6 polymer?,chem_img_46,chem_img_47,chem_img_48,chem_img_49,chem_img_49,
315,chemistry,Vol2,15,6,Natural rubber has,,Alternate cis- and trans-configuration,,Random cis- and trans-configuration,,All cis-configuration,,All trans-configuration,,All cis-configuration,
316,chemistry,Vol2,15,7,Nylon is an example of,,Polyamide,,Polythene,,Polyester,,Poly saccharide,,Polyamide,
317,chemistry,Vol2,15,8,Terylene is an example of,,Polyamide,,Polythene,,Polyester,,Polysaccharide,,Polyester,
318,chemistry,Vol2,15,9,Which is the monomer of neoprene in the following?,,CH2=C(Cl)-CH=CH2,,CH2=CH-C≡CH,,CH2=CH-CH=CH2,,CH2=C(CH3)-CH=CH2,,CH2=C(Cl)-CH=CH2,
319,chemistry,Vol2,15,10,Which one of the following is a bio-degradable polymer?,,HDPE,,PVC,,Nylon 6,,PHBV,,PHBV,
320,chemistry,Vol2,15,11,"Non stick cook wares generally have a coating of a polymer, whose monomer is",,Ethane,,Prop-2-enenitrile,,Chloroethene,,1,1,2,2-tetrafluoroethane,,"1,1,2,2-tetrafluoroethane",
321,chemistry,Vol2,15,12,"Assertion: 2-methyl-1,3-butadiene is the monomer of natural rubber. Reason: Natural rubber is formed through anionic addition polymerisation.",,If both assertion and reason are true and reason is the correct explanation of assertion.,,If both assertion and reason are true but reason is not the correct explanation of assertion.,,Assertion is true but reason is false.,,Both assertion and reason are false.,,Assertion is true but reason is false.,
322,chemistry,Vol2,15,13,Which of the following is a co-polymer?,,Orlon,,PVC,,Teflon,,PHBV,,PHBV,
323,chemistry,Vol2,15,14,The polymer used in making blankets (artificial wool) is,,Polystyrene,,PAN,,Polyester,,Polythene,,PAN,
324,chemistry,Vol2,15,15,"Regarding cross-linked or network polymers, which of the following statement is incorrect? (NEET)",,Examples are Bakelite and melamine,,They are formed from bi and tri-functional monomers,,They contain covalent bonds between various linear polymer chains,,They contain strong covalent bonds in their polymer chain,,They contain strong covalent bonds in their polymer chain,